GroupDir,senti_mean_mean,senti_mean_sd
new,-0.2189445011397891,0.05349525020424735
old,-0.19087574960809844,0.06540834788768256
