GroupDir,n_songs,guiraud_mean,guiraud_sd,token_n_mean,type_v_mean
new,20,8.247148804237982,1.2923684269697635,194.7,115.45
old,20,8.748428281306756,1.599264939807916,247.25,136.85
